id,target
002104_20,1
002104_21,1
002104_22,1
002104_23,1
002104_24,1
002104_25,1
002104_26,0
002104_27,0
002104_28,0
002104_29,0
002104_30,0
002104_31,0
002104_32,0
002104_33,0
002104_34,0
002104_35,0
002104_36,0
002104_37,0
002104_38,0
002104_39,0
002104_40,0
002104_41,0
002104_42,0
002104_43,0
002104_44,0
002104_45,0
002104_46,0
002104_47,0
002104_48,1
002104_49,1
002104_50,1
002104_51,1
002104_52,1
002104_53,1
002104_54,1
002104_55,1
002104_56,1
002104_57,1
002104_58,1
002104_59,1
002104_60,1
002104_61,1
002104_62,1
002104_63,1
002104_64,1
002104_65,1
002104_66,1
002104_67,1
002104_68,1
002104_69,1
002104_70,1
002104_71,0
002104_72,0
002104_73,0
002104_74,0
002104_75,0
002104_76,0
002104_77,0
002104_78,1
002104_79,1
002104_80,1
002104_81,1
002104_82,0
002104_83,1
002104_84,1
002104_85,1
002104_86,1
002104_87,1
002104_88,1
002104_89,1
002104_90,1
002104_91,1
002104_92,1
002104_93,1
002104_94,1
002104_95,1
002104_96,1
002104_97,1
002104_98,1
002104_99,1
002104_100,1
002104_101,1
002104_102,1
002104_103,1
002104_104,1
002104_105,1
002104_106,1
002104_107,1
002104_108,1
002104_109,1
002104_110,1
002104_111,1
002104_112,1
002104_113,0
002104_114,1
002104_115,1
002104_116,1
002104_117,1
002104_118,1
002104_119,1
002104_120,1
002104_121,1
002104_122,1
002104_123,1
002104_124,1
002104_125,1
002104_126,1
002104_127,1
002104_128,1
002104_129,1
002104_130,1
002104_131,0
002104_132,0
002104_133,0
002104_134,0
002104_135,0
002104_136,0
002104_137,1
002104_138,0
002104_139,0
002104_140,0
002104_141,0
002104_142,1
002104_143,0
002104_144,0
002104_145,0
002104_146,0
002104_147,0
002104_148,0
002104_149,0
002104_150,1
002104_151,1
002104_152,1
002104_153,1
002104_154,1
002104_155,0
002104_156,0
002104_157,0
002104_158,0
002104_159,0
002104_160,0
002104_161,0
002104_162,0
002104_163,0
002104_164,0
002104_165,0
002104_166,1
002104_167,1
002104_168,0
002104_169,0
002104_170,0
002104_171,0
002104_172,0
002104_173,0
002104_174,0
002104_175,0
002104_176,0
002104_177,0
002104_178,0
002104_179,0
002104_180,0
002104_181,0
002104_182,0
002104_183,0
002104_184,0
002104_185,0
002104_186,0
002104_187,0
002104_188,0
002104_189,0
002104_190,0
002104_191,0
002104_192,0
002104_193,0
002104_194,1
002104_195,1
002104_196,0
002104_197,0
002104_198,0
002104_199,0
002104_200,0
002104_201,0
002104_202,0
002104_203,0
002104_204,0
002104_205,1
002104_206,1
002104_207,0
002104_208,0
002104_209,1
002104_210,0
002104_211,0
002104_212,0
002104_213,0
002104_214,0
002104_215,0
002104_216,0
002104_217,0
002104_218,0
002104_219,0
002104_220,0
002104_221,0
002104_222,0
002104_223,0
002104_224,0
002104_225,0
002104_226,1
002104_227,1
002104_228,1
002104_229,1
002104_230,1
002104_231,1
002104_232,1
002104_233,1
002104_234,1
002104_235,1
002104_236,1
002104_237,1
002104_238,1
002104_239,1
002104_240,1
002104_241,1
002104_242,1
002104_243,1
002104_244,1
002104_245,1
002104_246,1
002104_247,1
002104_248,1
002104_249,0
002104_250,0
002104_251,0
002104_252,0
002104_253,0
002104_254,0
002104_255,0
002104_256,0
002104_257,0
002104_258,0
002104_259,0
002104_260,0
002104_261,0
002104_262,0
002104_263,0
002104_264,0
002104_265,0
002104_266,0
002104_267,0
002104_268,0
002104_269,0
002104_270,0
002104_271,1
002104_272,1
002104_273,1
002104_274,1
002104_275,1
002104_276,1
002104_277,1
002104_278,0
002104_279,0
002104_280,0
002104_281,0
002104_282,0
002104_283,0
002104_284,0
002104_285,0
002104_286,0
002104_287,0
002104_288,0
002104_289,0
002104_290,0
002104_291,1
002104_292,1
002104_293,1
002104_294,1
002104_295,0
002104_296,0
002104_297,1
002104_298,0
002104_299,0
002104_300,0
002104_301,0
002104_302,0
002104_303,0
002104_304,0
002104_305,0
002104_306,0
002104_307,0
002104_308,0
002104_309,0
002104_310,0
002104_311,0
002104_312,0
002104_313,0
002104_314,0
002104_315,0
002104_316,0
002104_317,0
002104_318,0
002104_319,0
002104_320,0
002104_321,0
002104_322,1
002104_323,1
002104_324,1
002104_325,1
002104_326,1
002104_327,1
002104_328,1
002104_329,1
002104_330,1
002104_331,1
002104_332,0
002104_333,0
002104_334,0
002104_335,0
002104_336,0
002104_337,0
002104_338,0
002104_339,0
002104_340,0
002104_341,0
002104_342,0
002104_343,0
002104_344,0
002104_345,0
002104_346,0
002104_347,0
002104_348,0
002104_349,0
002104_350,0
002104_351,0
002104_352,0
002104_353,0
002104_354,0
002104_355,0
002104_356,0
002104_357,0
002104_358,0
002104_359,0
002104_360,0
002104_361,0
002104_362,0
002104_363,0
002104_364,0
002104_365,0
002104_366,0
002104_367,0
002104_368,0
002104_369,0
002104_370,0
002104_371,1
002104_372,1
002104_373,1
002104_374,1
002104_375,1
002104_376,1
002104_377,1
002104_378,1
002104_379,1
002104_380,1
002104_381,1
002104_382,1
002104_383,1
002104_384,0
002104_385,0
002104_386,0
002104_387,0
002104_388,0
002104_389,0
002104_390,0
002104_391,0
002104_392,0
002104_393,0
002104_394,0
002104_395,0
002104_396,0
002104_397,0
002104_398,0
002104_399,1
002104_400,1
002104_401,1
002104_402,1
002104_403,1
002104_404,1
002104_405,1
002104_406,1
002104_407,1
002104_408,1
002104_409,1
002104_410,0
002104_411,1
002104_412,1
002104_413,1
002104_414,1
002104_415,1
002104_416,1
002104_417,1
002104_418,1
002104_419,1
002165_20,1
002165_21,1
002165_22,1
002165_23,1
002165_24,1
002165_25,1
002165_26,1
002165_27,1
002165_28,0
002165_29,0
002165_30,1
002165_31,0
002165_32,0
002165_33,0
002165_34,0
002165_35,0
002165_36,0
002165_37,0
002165_38,0
002165_39,0
002165_40,0
002165_41,0
002165_42,0
002165_43,0
002165_44,0
002165_45,0
002165_46,0
002165_47,0
002165_48,0
002165_49,0
002165_50,1
002165_51,1
002165_52,0
002165_53,0
002165_54,0
002165_55,0
002165_56,0
002165_57,0
002165_58,0
002165_59,0
002165_60,0
002165_61,1
002165_62,1
002165_63,1
002165_64,1
002165_65,1
002165_66,0
002165_67,1
002165_68,1
002165_69,0
002165_70,0
002165_71,0
002165_72,0
002165_73,0
002165_74,0
002165_75,0
002165_76,0
002165_77,0
002165_78,0
002165_79,0
002165_80,0
002165_81,0
002165_82,0
002165_83,0
002165_84,0
002165_85,0
002165_86,1
002165_87,1
002165_88,0
002165_89,1
002165_90,1
002165_91,1
002165_92,1
002165_93,1
002165_94,1
002165_95,1
002165_96,1
002165_97,1
002165_98,0
002165_99,0
002165_100,1
002165_101,1
002165_102,1
002165_103,1
002165_104,1
002165_105,1
002165_106,1
002165_107,1
002165_108,1
002165_109,1
002165_110,1
002165_111,1
002165_112,1
002165_113,1
002165_114,1
002165_115,0
002165_116,0
002165_117,0
002165_118,0
002165_119,0
002165_120,0
002165_121,0
002165_122,0
002165_123,0
002165_124,0
002165_125,1
002165_126,0
002165_127,0
002165_128,1
002165_129,1
002165_130,1
002165_131,1
002165_132,1
002165_133,1
002165_134,1
002165_135,1
002165_136,1
002165_137,1
002165_138,0
002165_139,0
002165_140,0
002165_141,0
002165_142,1
002165_143,0
002165_144,0
002165_145,0
002165_146,1
002165_147,1
002165_148,1
002165_149,1
002165_150,1
002165_151,1
002165_152,1
002165_153,1
002165_154,1
002165_155,1
002165_156,1
002165_157,1
002165_158,1
002165_159,1
002165_160,1
002165_161,1
002165_162,1
002165_163,1
002165_164,1
002165_165,1
002165_166,1
002165_167,1
002165_168,0
002165_169,1
002165_170,1
002165_171,0
002165_172,0
002165_173,0
002165_174,0
002165_175,0
002165_176,0
002165_177,0
002165_178,0
002165_179,0
002165_180,0
002165_181,0
002165_182,0
002165_183,0
002165_184,0
002165_185,0
002165_186,0
002165_187,0
002165_188,0
002165_189,0
002165_190,0
002165_191,0
002165_192,0
002165_193,0
002165_194,0
002165_195,0
002165_196,0
002165_197,0
002165_198,0
002165_199,0
002165_200,0
002165_201,0
002165_202,0
002165_203,0
002165_204,0
002165_205,0
002165_206,0
002165_207,0
002165_208,0
002165_209,0
002165_210,0
002165_211,0
002165_212,0
002165_213,0
002165_214,0
002165_215,0
002165_216,0
002165_217,0
002165_218,0
002165_219,0
002165_220,0
002165_221,0
002165_222,0
002165_223,0
002165_224,1
002165_225,1
002165_226,1
002165_227,1
002165_228,1
002165_229,1
002165_230,1
002165_231,1
002165_232,1
002165_233,1
002165_234,1
002165_235,1
002165_236,1
002165_237,1
002165_238,1
002165_239,1
002165_240,1
002165_241,1
002165_242,1
002165_243,1
002165_244,1
002165_245,0
002165_246,0
002165_247,0
002165_248,0
002165_249,0
002165_250,0
002165_251,0
002165_252,0
002165_253,0
002165_254,0
002165_255,0
002165_256,0
002165_257,0
002165_258,0
002165_259,0
002165_260,0
002165_261,0
002165_262,0
002165_263,0
002165_264,1
002165_265,1
002165_266,1
002165_267,1
002165_268,1
002165_269,0
002165_270,0
002165_271,0
002165_272,0
002165_273,0
002165_274,0
002165_275,0
002165_276,0
002165_277,0
002165_278,0
002165_279,0
002165_280,0
002165_281,1
002165_282,0
002165_283,0
002165_284,0
002165_285,0
002165_286,0
002165_287,0
002165_288,0
002165_289,0
002165_290,0
002165_291,0
002165_292,0
002165_293,0
002165_294,0
002165_295,0
002165_296,0
002165_297,0
002165_298,0
002165_299,0
002165_300,0
002165_301,0
002165_302,0
002165_303,0
002165_304,0
002165_305,0
002165_306,0
002165_307,0
002165_308,0
002165_309,0
002165_310,0
002165_311,0
002165_312,0
002165_313,0
002165_314,0
002165_315,0
002165_316,0
002165_317,0
002165_318,0
002165_319,1
002165_320,0
002165_321,0
002165_322,1
002165_323,0
002165_324,0
002165_325,1
002165_326,0
002165_327,1
002165_328,1
002165_329,1
002165_330,1
002165_331,1
002165_332,1
002165_333,1
002165_334,1
002165_335,1
002165_336,1
002165_337,1
002165_338,1
002165_339,1
002165_340,1
002165_341,1
002165_342,1
002165_343,1
002165_344,1
002165_345,1
002165_346,1
002165_347,1
002165_348,1
002165_349,1
002165_350,1
002165_351,1
002165_352,1
002165_353,1
002165_354,0
002165_355,0
002165_356,0
002165_357,0
002165_358,0
002165_359,0
002165_360,0
002165_361,0
002165_362,0
002165_363,0
002165_364,1
002165_365,1
002165_366,1
002165_367,0
002165_368,1
002165_369,1
002165_370,1
002165_371,1
002165_372,1
002165_373,1
002165_374,1
002165_375,1
002165_376,1
002165_377,1
002165_378,1
002165_379,0
002165_380,1
002165_381,1
002165_382,1
002165_383,1
002165_384,1
002165_385,0
002165_386,1
002165_387,0
002165_388,0
002165_389,0
002165_390,0
002165_391,0
002165_392,0
002165_393,0
002165_394,0
002165_395,1
002165_396,0
002165_397,0
002165_398,0
002165_399,0
002165_400,0
002165_401,0
002165_402,0
002165_403,0
002165_404,0
002165_405,0
002165_406,1
002165_407,1
002165_408,1
002165_409,1
002165_410,1
002165_411,1
002165_412,1
002165_413,1
002165_414,1
002165_415,1
002165_416,1
002165_417,1
002165_418,1
002165_419,1
301357_20,1
301357_21,1
301357_22,1
301357_23,1
301357_24,1
301357_25,1
301357_26,1
301357_27,0
301357_28,0
301357_29,0
301357_30,0
301357_31,0
301357_32,0
301357_33,0
301357_34,0
301357_35,0
301357_36,0
301357_37,0
301357_38,0
301357_39,0
301357_40,0
301357_41,0
301357_42,0
301357_43,0
301357_44,0
301357_45,0
301357_46,0
301357_47,0
301357_48,1
301357_49,1
301357_50,1
301357_51,1
301357_52,1
301357_53,0
301357_54,0
301357_55,1
301357_56,1
301357_57,1
301357_58,1
301357_59,1
301357_60,1
301357_61,1
301357_62,1
301357_63,1
301357_64,1
301357_65,1
301357_66,1
301357_67,1
301357_68,1
301357_69,1
301357_70,1
301357_71,0
301357_72,0
301357_73,0
301357_74,0
301357_75,0
301357_76,0
301357_77,0
301357_78,0
301357_79,0
301357_80,0
301357_81,0
301357_82,0
301357_83,0
301357_84,0
301357_85,0
301357_86,0
301357_87,0
301357_88,0
301357_89,0
301357_90,0
301357_91,0
301357_92,0
301357_93,1
301357_94,1
301357_95,0
301357_96,1
301357_97,1
301357_98,1
301357_99,0
301357_100,0
301357_101,0
301357_102,0
301357_103,0
301357_104,0
301357_105,1
301357_106,1
301357_107,1
301357_108,1
301357_109,1
301357_110,1
301357_111,0
301357_112,0
301357_113,0
301357_114,0
301357_115,0
301357_116,0
301357_117,1
301357_118,1
301357_119,1
301357_120,1
301357_121,1
301357_122,1
301357_123,1
301357_124,1
301357_125,0
301357_126,0
301357_127,0
301357_128,0
301357_129,0
301357_130,0
301357_131,0
301357_132,0
301357_133,0
301357_134,0
301357_135,0
301357_136,0
301357_137,0
301357_138,0
301357_139,0
301357_140,1
301357_141,1
301357_142,1
301357_143,1
301357_144,1
301357_145,1
301357_146,1
301357_147,1
301357_148,1
301357_149,1
301357_150,1
301357_151,1
301357_152,1
301357_153,1
301357_154,1
301357_155,1
301357_156,1
301357_157,1
301357_158,1
301357_159,1
301357_160,1
301357_161,1
301357_162,1
301357_163,1
301357_164,1
301357_165,1
301357_166,1
301357_167,1
301357_168,1
301357_169,1
301357_170,0
301357_171,0
301357_172,0
301357_173,0
301357_174,0
301357_175,0
301357_176,0
301357_177,0
301357_178,0
301357_179,0
301357_180,0
301357_181,0
301357_182,0
301357_183,0
301357_184,0
301357_185,0
301357_186,0
301357_187,0
301357_188,0
301357_189,0
301357_190,0
301357_191,0
301357_192,0
301357_193,0
301357_194,1
301357_195,1
301357_196,1
301357_197,1
301357_198,1
301357_199,0
301357_200,0
301357_201,1
301357_202,1
301357_203,1
301357_204,1
301357_205,1
301357_206,1
301357_207,1
301357_208,1
301357_209,0
301357_210,1
301357_211,1
301357_212,1
301357_213,1
301357_214,0
301357_215,0
301357_216,0
301357_217,1
301357_218,0
301357_219,0
301357_220,0
301357_221,0
301357_222,0
301357_223,0
301357_224,0
301357_225,1
301357_226,1
301357_227,1
301357_228,1
301357_229,1
301357_230,1
301357_231,1
301357_232,1
301357_233,1
301357_234,1
301357_235,1
301357_236,1
301357_237,1
301357_238,1
301357_239,1
301357_240,1
301357_241,1
301357_242,1
301357_243,1
301357_244,1
301357_245,1
301357_246,1
301357_247,1
301357_248,1
301357_249,1
301357_250,1
301357_251,1
301357_252,1
301357_253,1
301357_254,1
301357_255,1
301357_256,0
301357_257,0
301357_258,0
301357_259,0
301357_260,0
301357_261,0
301357_262,0
301357_263,0
301357_264,1
301357_265,0
301357_266,0
301357_267,0
301357_268,0
301357_269,0
301357_270,0
301357_271,0
301357_272,1
301357_273,1
301357_274,0
301357_275,0
301357_276,0
301357_277,0
301357_278,0
301357_279,0
301357_280,0
301357_281,0
301357_282,0
301357_283,0
301357_284,0
301357_285,0
301357_286,0
301357_287,0
301357_288,1
301357_289,1
301357_290,1
301357_291,1
301357_292,1
301357_293,1
301357_294,1
301357_295,1
301357_296,1
301357_297,1
301357_298,1
301357_299,0
301357_300,0
301357_301,0
301357_302,0
301357_303,0
301357_304,0
301357_305,0
301357_306,1
301357_307,0
301357_308,1
301357_309,1
301357_310,1
301357_311,1
301357_312,1
301357_313,1
301357_314,1
301357_315,0
301357_316,0
301357_317,0
301357_318,0
301357_319,0
301357_320,0
301357_321,0
301357_322,0
301357_323,0
301357_324,0
301357_325,0
301357_326,0
301357_327,0
301357_328,0
301357_329,0
301357_330,0
301357_331,0
301357_332,0
301357_333,0
301357_334,0
301357_335,0
301357_336,0
301357_337,0
301357_338,0
301357_339,0
301357_340,0
301357_341,0
301357_342,0
301357_343,0
301357_344,0
301357_345,0
301357_346,0
301357_347,0
301357_348,0
301357_349,0
301357_350,0
301357_351,0
301357_352,0
301357_353,0
301357_354,0
301357_355,0
301357_356,0
301357_357,0
301357_358,0
301357_359,0
301357_360,1
301357_361,1
301357_362,1
301357_363,0
301357_364,0
301357_365,0
301357_366,0
301357_367,0
301357_368,0
301357_369,0
301357_370,0
301357_371,0
301357_372,0
301357_373,0
301357_374,0
301357_375,0
301357_376,0
301357_377,0
301357_378,0
301357_379,0
301357_380,0
301357_381,0
301357_382,0
301357_383,0
301357_384,0
301357_385,0
301357_386,1
301357_387,0
301357_388,0
301357_389,0
301357_390,1
301357_391,1
301357_392,1
301357_393,1
301357_394,1
301357_395,1
301357_396,1
301357_397,1
301357_398,1
301357_399,1
301357_400,1
301357_401,1
301357_402,1
301357_403,1
301357_404,1
301357_405,1
301357_406,1
301357_407,1
301357_408,1
301357_409,1
603072_20,1
603072_21,1
603072_22,1
603072_23,1
603072_24,1
603072_25,1
603072_26,1
603072_27,1
603072_28,0
603072_29,0
603072_30,0
603072_31,0
603072_32,0
603072_33,0
603072_34,0
603072_35,0
603072_36,0
603072_37,0
603072_38,0
603072_39,0
603072_40,0
603072_41,0
603072_42,0
603072_43,0
603072_44,0
603072_45,0
603072_46,0
603072_47,0
603072_48,0
603072_49,0
603072_50,0
603072_51,0
603072_52,0
603072_53,0
603072_54,0
603072_55,0
603072_56,0
603072_57,0
603072_58,0
603072_59,0
603072_60,0
603072_61,0
603072_62,0
603072_63,0
603072_64,0
603072_65,1
603072_66,1
603072_67,1
603072_68,1
603072_69,1
603072_70,1
603072_71,1
603072_72,1
603072_73,1
603072_74,0
603072_75,1
603072_76,0
603072_77,1
603072_78,0
603072_79,0
603072_80,0
603072_81,0
603072_82,0
603072_83,0
603072_84,1
603072_85,1
603072_86,1
603072_87,1
603072_88,1
603072_89,1
603072_90,1
603072_91,1
603072_92,1
603072_93,1
603072_94,1
603072_95,0
603072_96,0
603072_97,0
603072_98,0
603072_99,0
603072_100,0
603072_101,0
603072_102,0
603072_103,1
603072_104,1
603072_105,1
603072_106,1
603072_107,1
603072_108,1
603072_109,1
603072_110,0
603072_111,0
603072_112,0
603072_113,0
603072_114,1
603072_115,1
603072_116,1
603072_117,1
603072_118,1
603072_119,0
603072_120,0
603072_121,0
603072_122,0
603072_123,0
603072_124,0
603072_125,0
603072_126,0
603072_127,1
603072_128,0
603072_129,0
603072_130,0
603072_131,0
603072_132,1
603072_133,1
603072_134,1
603072_135,1
603072_136,1
603072_137,1
603072_138,0
603072_139,1
603072_140,1
603072_141,1
603072_142,1
603072_143,1
603072_144,1
603072_145,0
603072_146,0
603072_147,0
603072_148,0
603072_149,0
603072_150,0
603072_151,0
603072_152,0
603072_153,0
603072_154,0
603072_155,0
603072_156,0
603072_157,1
603072_158,1
603072_159,1
603072_160,1
603072_161,1
603072_162,1
603072_163,1
603072_164,1
603072_165,1
603072_166,1
603072_167,1
603072_168,1
603072_169,1
603072_170,1
603072_171,1
603072_172,1
603072_173,1
603072_174,1
603072_175,1
603072_176,1
603280_20,1
603280_21,1
603280_22,1
603280_23,1
603280_24,1
603280_25,1
603280_26,1
603280_27,1
603280_28,0
603280_29,0
603280_30,1
603280_31,0
603280_32,0
603280_33,0
603280_34,0
603280_35,0
603280_36,0
603280_37,0
603280_38,0
603280_39,0
603280_40,0
603280_41,0
603280_42,0
603280_43,0
603280_44,0
603280_45,0
603280_46,0
603280_47,0
603280_48,1
603280_49,0
603280_50,1
603280_51,1
603280_52,1
603280_53,0
603280_54,0
603280_55,0
603280_56,1
603280_57,1
603280_58,0
603280_59,0
603280_60,0
603280_61,0
603280_62,1
603280_63,1
603280_64,1
603280_65,1
603280_66,1
603280_67,1
603280_68,1
603280_69,1
603280_70,1
603280_71,1
603280_72,1
603280_73,1
603280_74,1
603280_75,1
603280_76,0
603280_77,0
603280_78,1
603280_79,1
603280_80,0
603280_81,0
603280_82,0
603280_83,0
603280_84,0
603280_85,0
603280_86,1
603280_87,1
603280_88,0
603280_89,1
603280_90,1
603280_91,1
603280_92,0
603280_93,0
603280_94,0
603280_95,0
603280_96,1
603280_97,0
603280_98,1
603280_99,0
603280_100,0
603280_101,0
603280_102,0
603280_103,0
603280_104,0
603280_105,0
603280_106,0
603280_107,1
603280_108,1
603280_109,1
603280_110,1
603280_111,1
603280_112,1
603280_113,1
603280_114,1
603280_115,1
603280_116,1
603280_117,1
603280_118,1
603280_119,1
603280_120,1
603280_121,1
603280_122,1
603280_123,1
603280_124,1
603280_125,1
603280_126,1
603280_127,1
603280_128,1
603280_129,1
603280_130,1
603280_131,0
603280_132,1
603280_133,0
603280_134,0
603280_135,0
603280_136,0
603280_137,1
603280_138,0
603280_139,0
603280_140,0
603280_141,0
603280_142,0
603280_143,0
603280_144,0
603280_145,0
603280_146,0
603280_147,0
603280_148,0
603280_149,0
603280_150,1
603280_151,1
603280_152,1
603280_153,1
603280_154,1
603280_155,1
603280_156,0
603280_157,0
603280_158,0
603280_159,0
603280_160,0
603280_161,1
603280_162,1
603280_163,0
603280_164,0
603280_165,1
603280_166,1
603280_167,1
603280_168,1
603280_169,1
603280_170,1
603280_171,0
603280_172,0
603280_173,0
603280_174,0
603280_175,0
603280_176,0
603280_177,0
603280_178,0
603280_179,0
603280_180,0
603280_181,0
603280_182,0
603280_183,0
603280_184,0
603280_185,0
603280_186,0
603280_187,0
603280_188,0
603280_189,0
603280_190,0
603280_191,0
603280_192,0
603280_193,1
603280_194,1
603280_195,1
603280_196,0
603280_197,0
603280_198,0
603280_199,0
603280_200,0
603280_201,0
603280_202,0
603280_203,1
603280_204,1
603280_205,1
603280_206,0
603280_207,0
603280_208,0
603280_209,0
603280_210,0
603280_211,0
603280_212,0
603280_213,0
603280_214,0
603280_215,0
603280_216,0
603280_217,0
603280_218,0
603280_219,0
603280_220,0
603280_221,0
603280_222,0
603280_223,0
603280_224,0
603280_225,0
603280_226,1
603280_227,1
603280_228,1
603280_229,1
603280_230,1
603280_231,1
603280_232,1
603280_233,1
603280_234,1
603280_235,1
603280_236,1
603280_237,1
603280_238,1
603280_239,1
603280_240,1
603280_241,1
603280_242,1
603280_243,1
603280_244,1
603280_245,0
603280_246,0
603280_247,0
603280_248,0
603280_249,0
603280_250,0
603280_251,0
603280_252,0
603280_253,0
603280_254,0
603280_255,0
603280_256,0
603280_257,0
603280_258,0
603280_259,0
603280_260,0
603280_261,0
603280_262,0
603280_263,0
603280_264,0
603280_265,0
603280_266,0
603280_267,0
603280_268,0
603280_269,0
603280_270,0
603280_271,0
603280_272,1
603280_273,1
603280_274,1
603280_275,0
603280_276,0
603280_277,0
603280_278,0
603280_279,1
603280_280,1
603280_281,1
603280_282,1
603280_283,0
603280_284,0
603280_285,0
603280_286,0
603280_287,0
603280_288,0
603280_289,0
603280_290,0
603280_291,0
603280_292,1
603280_293,1
603280_294,1
603280_295,1
603280_296,1
603280_297,1
603280_298,1
603280_299,1
603280_300,1
603280_301,1
603280_302,1
603280_303,1
603280_304,1
603280_305,1
603280_306,1
603280_307,1
603280_308,1
603280_309,0
603280_310,1
603280_311,0
603280_312,0
603280_313,0
603280_314,0
603280_315,0
603280_316,0
603280_317,0
603280_318,0
603280_319,0
603280_320,0
603280_321,0
603280_322,0
603280_323,0
603280_324,0
603280_325,0
603280_326,0
603280_327,1
603280_328,1
603280_329,1
603280_330,0
603280_331,0
603280_332,0
603280_333,1
603280_334,1
603280_335,1
603280_336,1
603280_337,0
603280_338,0
603280_339,0
603280_340,0
603280_341,0
603280_342,1
603280_343,1
603280_344,1
603280_345,0
603280_346,1
603280_347,1
603280_348,1
603280_349,0
603280_350,1
603280_351,1
603280_352,0
603280_353,0
603280_354,0
603280_355,0
603280_356,0
603280_357,0
603280_358,0
603280_359,0
603280_360,0
603280_361,0
603280_362,0
603280_363,0
603280_364,0
603280_365,0
603280_366,0
603280_367,0
603280_368,0
603280_369,0
603280_370,0
603280_371,0
603280_372,0
603280_373,0
603280_374,0
603280_375,0
603280_376,0
603280_377,0
603280_378,0
603280_379,0
603280_380,0
603280_381,0
603280_382,0
603280_383,0
603280_384,0
603280_385,0
603280_386,0
603280_387,0
603280_388,0
603280_389,0
603280_390,1
603280_391,1
603280_392,1
603280_393,1
603280_394,1
603280_395,1
603280_396,1
603280_397,1
603280_398,1
603280_399,1
603280_400,1
603280_401,1
603280_402,1
603280_403,1
603280_404,1
603280_405,1
603280_406,1
603280_407,1
603280_408,1
603280_409,1
603280_410,1
603280_411,1
603280_412,0
603280_413,1
603280_414,1
603280_415,1
603280_416,1
603280_417,1
603280_418,1
603280_419,1
920680_20,1
920680_21,1
920680_22,1
920680_23,0
920680_24,0
920680_25,0
920680_26,0
920680_27,0
920680_28,0
920680_29,0
920680_30,0
920680_31,0
920680_32,0
920680_33,0
920680_34,1
920680_35,1
920680_36,1
920680_37,1
920680_38,1
920680_39,1
920680_40,1
920680_41,1
920680_42,1
920680_43,1
920680_44,1
920680_45,1
920680_46,1
920680_47,1
920680_48,1
920680_49,1
920680_50,1
920680_51,1
920680_52,1
920680_53,1
920680_54,1
920680_55,1
920680_56,1
920680_57,1
920680_58,1
920680_59,1
920680_60,1
920680_61,1
920680_62,1
920680_63,1
920680_64,1
920680_65,1
920680_66,1
920680_67,1
920680_68,0
920680_69,0
920680_70,1
920680_71,1
920680_72,1
920680_73,1
920680_74,1
920680_75,1
920680_76,1
920680_77,1
920680_78,1
920680_79,1
920680_80,1
920680_81,1
920680_82,1
920680_83,1
920680_84,1
920680_85,1
920680_86,0
920680_87,1
920680_88,1
920680_89,1
920680_90,1
920680_91,1
920680_92,1
920680_93,1
920680_94,1
920680_95,1
920680_96,1
920680_97,1
920680_98,1
920680_99,1
920680_100,1
920680_101,1
920680_102,1
920680_103,1
920680_104,0
920680_105,1
920680_106,0
920680_107,1
920680_108,0
920680_109,0
920680_110,0
920680_111,0
920680_112,0
920680_113,0
920680_114,0
920680_115,1
920680_116,1
920680_117,1
920680_118,1
920680_119,1
920680_120,1
920680_121,1
920680_122,1
920680_123,0
920680_124,0
920680_125,0
920680_126,0
920680_127,0
920680_128,0
920680_129,0
920680_130,0
920680_131,0
920680_132,0
920680_133,0
920680_134,0
920680_135,0
920680_136,0
920680_137,1
920680_138,1
920680_139,1
920680_140,1
920680_141,1
920680_142,1
920680_143,1
920680_144,1
920680_145,1
920680_146,1
920680_147,1
920680_148,1
920680_149,1
920680_150,1
920680_151,1
920680_152,1
920680_153,1
920680_154,1
920680_155,1
920680_156,1
920680_157,1
920680_158,1
920680_159,1
920680_160,1
920680_161,1
920680_162,1
920680_163,1
920680_164,1
920680_165,1
920680_166,1
920680_167,1
920680_168,1
920680_169,1
920680_170,1
920680_171,1
920680_172,0
920680_173,0
920680_174,0
920680_175,0
920680_176,0
920680_177,0
920680_178,0
920680_179,0
920680_180,0
920680_181,0
920680_182,0
920680_183,0
920680_184,0
920680_185,0
920680_186,0
920680_187,0
920680_188,0
920680_189,0
920680_190,0
920680_191,0
920680_192,0
920680_193,0
920680_194,1
920680_195,1
920680_196,0
920680_197,0
920680_198,0
920680_199,0
920680_200,0
920680_201,0
920680_202,0
920680_203,1
920680_204,0
920680_205,1
920680_206,1
920680_207,0
920680_208,0
920680_209,0
920680_210,0
920680_211,1
920680_212,0
920680_213,0
920680_214,0
920680_215,0
920680_216,0
920680_217,1
920680_218,1
920680_219,1
920680_220,1
920680_221,1
920680_222,1
920680_223,1
920680_224,1
920680_225,1
920680_226,1
920680_227,1
920680_228,1
920680_229,1
920680_230,1
920680_231,1
920680_232,1
920680_233,1
920680_234,1
920680_235,1
920680_236,1
920680_237,1
920680_238,1
920680_239,1
920680_240,1
920680_241,1
920680_242,1
920680_243,1
920680_244,1
920680_245,1
920680_246,1
920680_247,0
920680_248,1
920680_249,0
920680_250,0
920680_251,1
920680_252,1
920680_253,0
920680_254,1
920680_255,0
920680_256,0
920680_257,0
920680_258,0
920680_259,0
920680_260,0
920680_261,0
920680_262,0
920680_263,0
920680_264,0
920680_265,0
920680_266,0
920680_267,0
920680_268,0
920680_269,0
920680_270,0
920680_271,0
920680_272,0
920680_273,1
920680_274,0
920680_275,0
920680_276,0
920680_277,0
920680_278,0
920680_279,0
920680_280,0
920680_281,0
920680_282,0
920680_283,0
920680_284,0
920680_285,0
920680_286,1
920680_287,1
920680_288,1
920680_289,1
920680_290,1
920680_291,1
920680_292,1
920680_293,1
920680_294,1
920680_295,1
920680_296,1
920680_297,1
920680_298,1
920680_299,1
920680_300,1
920680_301,1
920680_302,1
920680_303,1
920680_304,1
920680_305,1
920680_306,1
920680_307,1
920680_308,0
920680_309,0
920680_310,1
920680_311,1
920680_312,1
920680_313,1
920680_314,1
920680_315,1
920680_316,1
920680_317,1
920680_318,1
920680_319,1
920680_320,1
920680_321,1
920680_322,1
920680_323,1
920680_324,1
920680_325,1
920680_326,1
920680_327,1
920680_328,1
920680_329,1
920680_330,1
920680_331,1
920680_332,1
920680_333,1
920680_334,1
920680_335,1
920680_336,1
920680_337,1
920680_338,1
920680_339,1
920680_340,1
920680_341,1
920680_342,1
920680_343,1
920680_344,1
920680_345,1
920680_346,1
920680_347,1
920680_348,1
920680_349,1
920680_350,0
920680_351,0
920680_352,0
920680_353,0
920680_354,0
920680_355,0
920680_356,0
920680_357,0
920680_358,0
920680_359,0
920680_360,0
920680_361,0
920680_362,0
920680_363,0
920680_364,0
920680_365,0
920680_366,0
920680_367,1
920680_368,1
920680_369,1
920680_370,1
920680_371,1
920680_372,1
920680_373,0
920680_374,0
920680_375,0
603716_20,1
603716_21,1
603716_22,1
603716_23,1
603716_24,1
603716_25,1
603716_26,1
603716_27,1
603716_28,1
603716_29,0
603716_30,1
603716_31,1
603716_32,1
603716_33,0
603716_34,1
603716_35,0
603716_36,0
603716_37,0
603716_38,0
603716_39,0
603716_40,0
603716_41,0
603716_42,0
603716_43,0
603716_44,0
603716_45,0
603716_46,0
603716_47,0
603716_48,0
603716_49,0
603716_50,1
603716_51,1
603716_52,1
603716_53,1
603716_54,1
603716_55,1
603716_56,1
603716_57,1
603716_58,1
603716_59,1
603716_60,1
603716_61,1
603716_62,1
603716_63,1
603716_64,1
603716_65,1
603716_66,1
603716_67,1
603716_68,1
603716_69,1
603716_70,1
603716_71,0
603716_72,0
603716_73,0
603716_74,0
603716_75,0
603716_76,0
603716_77,0
603716_78,0
603716_79,0
603716_80,0
603716_81,0
603716_82,0
603716_83,1
603716_84,1
603716_85,1
603716_86,1
603716_87,1
603716_88,1
603716_89,1
603716_90,1
603716_91,1
603716_92,1
603716_93,1
603716_94,1
603716_95,1
603716_96,1
603716_97,1
603716_98,1
603716_99,1
603716_100,1
603716_101,1
603716_102,1
603716_103,1
603716_104,1
603716_105,1
603716_106,1
603716_107,1
603716_108,1
603716_109,1
603716_110,1
603716_111,1
603716_112,1
603716_113,1
603716_114,1
603716_115,1
603716_116,1
603716_117,1
603716_118,1
603716_119,1
603716_120,1
603716_121,1
603716_122,1
603716_123,1
603716_124,1
603716_125,1
603716_126,1
603716_127,1
603716_128,0
603716_129,0
603716_130,0
603716_131,0
603716_132,0
603716_133,0
603716_134,0
603716_135,0
603716_136,0
603716_137,0
603716_138,0
603716_139,0
603716_140,0
603716_141,0
603716_142,0
603716_143,0
603716_144,0
603716_145,0
603716_146,0
603716_147,0
603716_148,0
603716_149,0
603716_150,0
603716_151,1
603716_152,1
603716_153,1
603716_154,1
603716_155,1
603716_156,1
603716_157,1
603716_158,1
603716_159,1
603716_160,1
603716_161,1
603716_162,1
603716_163,1
603716_164,1
603716_165,1
603716_166,1
603716_167,1
603716_168,1
603716_169,1
603716_170,1
603716_171,0
603716_172,0
603716_173,0
603716_174,0
603716_175,0
603716_176,0
603716_177,0
603716_178,0
603716_179,0
603716_180,0
603716_181,0
603716_182,0
603716_183,0
603716_184,0
603716_185,0
603716_186,0
603716_187,0
603716_188,0
603716_189,0
603716_190,0
603716_191,0
603716_192,0
603716_193,0
603716_194,0
603716_195,0
603716_196,0
603716_197,0
603716_198,0
603716_199,0
603716_200,0
603716_201,0
603716_202,0
603716_203,0
603716_204,0
603716_205,0
603716_206,0
603716_207,0
603716_208,0
603716_209,0
603716_210,0
603716_211,0
603716_212,0
603716_213,0
603716_214,0
603716_215,0
603716_216,0
603716_217,0
603716_218,0
603716_219,0
603716_220,0
603716_221,0
603716_222,0
603716_223,0
603716_224,0
603716_225,0
603716_226,0
603716_227,0
603716_228,0
603716_229,1
603716_230,1
603716_231,1
603716_232,1
603716_233,1
603716_234,1
603716_235,1
603716_236,1
603716_237,1
603716_238,1
603716_239,1
603716_240,1
603716_241,1
603716_242,1
603716_243,1
603716_244,1
603716_245,1
603716_246,1
603716_247,1
603716_248,1
603716_249,1
603716_250,1
603716_251,1
603716_252,1
603716_253,1
603716_254,0
603716_255,0
603716_256,0
603716_257,0
603716_258,0
603716_259,0
603716_260,0
603716_261,0
603716_262,0
603716_263,0
603716_264,0
603716_265,0
603716_266,0
603716_267,0
603716_268,0
603716_269,0
603716_270,0
603716_271,0
603716_272,1
603716_273,0
603716_274,0
603716_275,0
603716_276,0
603716_277,1
603716_278,0
603716_279,0
603716_280,0
603716_281,0
603716_282,0
603716_283,0
603716_284,0
603716_285,0
603716_286,0
603716_287,0
603716_288,1
603716_289,0
603716_290,1
603716_291,1
603716_292,1
603716_293,1
603716_294,1
603716_295,1
603716_296,1
603716_297,1
603716_298,1
603716_299,1
603716_300,1
603716_301,1
603716_302,1
603716_303,1
603716_304,1
603716_305,1
603716_306,1
603716_307,1
603716_308,1
603716_309,1
603716_310,1
603716_311,0
603716_312,1
603716_313,0
603716_314,0
603716_315,0
603716_316,0
603716_317,0
603716_318,0
603716_319,0
603716_320,0
603716_321,0
603716_322,0
603716_323,0
603716_324,0
603716_325,0
603716_326,0
603716_327,0
603716_328,0
603716_329,0
603716_330,0
603716_331,0
603716_332,0
603716_333,0
603716_334,0
603716_335,0
603716_336,0
603716_337,0
603716_338,0
603716_339,0
603716_340,0
603716_341,0
603716_342,0
603716_343,0
603716_344,0
603716_345,0
603716_346,1
603716_347,1
603716_348,0
603716_349,0
603716_350,0
603716_351,0
603716_352,0
603716_353,0
603716_354,0
603716_355,0
603716_356,0
603716_357,0
603716_358,0
603716_359,0
603716_360,0
603716_361,0
603716_362,0
603716_363,0
603716_364,0
603716_365,0
603716_366,0
603716_367,0
603716_368,0
603716_369,0
603716_370,0
603716_371,0
603716_372,0
603716_373,0
603716_374,0
603716_375,0
603716_376,0
603716_377,0
603716_378,0
603716_379,0
603716_380,0
603716_381,1
603716_382,1
603716_383,0
603716_384,0
603716_385,0
603716_386,0
603716_387,1
603716_388,0
603716_389,0
603716_390,1
603716_391,1
603716_392,0
603716_393,0
603716_394,0
603716_395,0
603716_396,0
603716_397,0
603716_398,0
603716_399,1
603716_400,1
603716_401,1
603716_402,1
603716_403,1
603716_404,1
603716_405,1
603716_406,1
603716_407,0
603716_408,1
603716_409,0
603716_410,1
603716_411,1
603716_412,1
603716_413,1
603716_414,1
603716_415,1
603716_416,1
603716_417,1
603716_418,1
603716_419,1
600410_20,1
600410_21,1
600410_22,1
600410_23,1
600410_24,1
600410_25,1
600410_26,1
600410_27,1
600410_28,0
600410_29,0
600410_30,1
600410_31,0
600410_32,0
600410_33,0
600410_34,0
600410_35,0
600410_36,0
600410_37,0
600410_38,0
600410_39,0
600410_40,0
600410_41,0
600410_42,0
600410_43,0
600410_44,0
600410_45,0
600410_46,0
600410_47,0
600410_48,0
600410_49,1
600410_50,1
600410_51,1
600410_52,1
600410_53,1
600410_54,1
600410_55,1
600410_56,1
600410_57,1
600410_58,1
600410_59,1
600410_60,1
600410_61,1
600410_62,1
600410_63,1
600410_64,1
600410_65,1
600410_66,1
600410_67,1
600410_68,1
600410_69,1
600410_70,1
600410_71,0
600410_72,0
600410_73,0
600410_74,0
600410_75,1
600410_76,1
600410_77,1
600410_78,1
600410_79,1
600410_80,1
600410_81,1
600410_82,1
600410_83,1
600410_84,1
600410_85,1
600410_86,1
600410_87,1
600410_88,1
600410_89,1
600410_90,1
600410_91,1
600410_92,1
600410_93,1
600410_94,1
600410_95,1
600410_96,1
600410_97,1
600410_98,1
600410_99,1
600410_100,1
600410_101,1
600410_102,1
600410_103,1
600410_104,1
600410_105,1
600410_106,1
600410_107,1
600410_108,1
600410_109,1
600410_110,1
600410_111,1
600410_112,1
600410_113,0
600410_114,1
600410_115,1
600410_116,1
600410_117,1
600410_118,1
600410_119,1
600410_120,1
600410_121,1
600410_122,1
600410_123,1
600410_124,1
600410_125,1
600410_126,1
600410_127,1
600410_128,1
600410_129,1
600410_130,1
600410_131,1
600410_132,1
600410_133,0
600410_134,0
600410_135,0
600410_136,0
600410_137,0
600410_138,0
600410_139,0
600410_140,0
600410_141,0
600410_142,1
600410_143,1
600410_144,1
600410_145,0
600410_146,0
600410_147,0
600410_148,1
600410_149,1
600410_150,1
600410_151,1
600410_152,1
600410_153,1
600410_154,1
600410_155,1
600410_156,0
600410_157,0
600410_158,0
600410_159,0
600410_160,0
600410_161,0
600410_162,0
600410_163,0
600410_164,0
600410_165,0
600410_166,0
600410_167,0
600410_168,0
600410_169,0
600410_170,0
600410_171,0
600410_172,0
600410_173,0
600410_174,0
600410_175,0
600410_176,0
600410_177,0
600410_178,0
600410_179,0
600410_180,0
600410_181,0
600410_182,0
600410_183,0
600410_184,0
600410_185,0
600410_186,0
600410_187,0
600410_188,0
600410_189,0
600410_190,0
600410_191,0
600410_192,0
600410_193,0
600410_194,0
600410_195,0
600410_196,0
600410_197,0
600410_198,0
600410_199,0
600410_200,0
600410_201,0
600410_202,0
600410_203,0
600410_204,1
600410_205,1
600410_206,1
600410_207,1
600410_208,0
600410_209,0
600410_210,0
600410_211,0
600410_212,0
600410_213,0
600410_214,0
600410_215,0
600410_216,0
600410_217,0
600410_218,0
600410_219,0
600410_220,0
600410_221,0
600410_222,0
600410_223,0
600410_224,0
600410_225,1
600410_226,1
600410_227,1
600410_228,1
600410_229,1
600410_230,1
600410_231,1
600410_232,1
600410_233,1
600410_234,1
600410_235,1
600410_236,1
600410_237,1
600410_238,1
600410_239,1
600410_240,1
600410_241,1
600410_242,1
600410_243,1
600410_244,1
600410_245,1
600410_246,0
600410_247,0
600410_248,0
600410_249,0
600410_250,1
600410_251,0
600410_252,0
600410_253,0
600410_254,0
600410_255,0
600410_256,0
600410_257,0
600410_258,0
600410_259,0
600410_260,0
600410_261,0
600410_262,0
600410_263,0
600410_264,0
600410_265,0
600410_266,0
600410_267,0
600410_268,0
600410_269,0
600410_270,0
600410_271,1
600410_272,1
600410_273,1
600410_274,1
600410_275,1
600410_276,1
600410_277,1
600410_278,1
600410_279,1
600410_280,1
600410_281,1
600410_282,1
600410_283,1
600410_284,1
600410_285,0
600410_286,1
600410_287,1
600410_288,1
600410_289,1
600410_290,1
600410_291,1
600410_292,1
600410_293,1
600410_294,1
600410_295,1
600410_296,1
600410_297,1
600410_298,1
600410_299,1
600410_300,1
600410_301,1
600410_302,1
600410_303,1
600410_304,1
600410_305,1
600410_306,1
600410_307,1
600410_308,1
600410_309,1
600410_310,0
600410_311,0
600410_312,0
600410_313,0
600410_314,0
600410_315,0
600410_316,0
600410_317,0
600410_318,0
600410_319,0
600410_320,0
600410_321,0
600410_322,0
600410_323,0
600410_324,0
600410_325,0
600410_326,0
600410_327,0
600410_328,0
600410_329,0
600410_330,1
600410_331,1
600410_332,1
600410_333,1
600410_334,1
600410_335,1
600410_336,1
600410_337,1
600410_338,1
600410_339,1
600410_340,1
600410_341,1
600410_342,1
600410_343,1
600410_344,1
600410_345,1
600410_346,1
600410_347,1
600410_348,1
600410_349,1
600410_350,0
600410_351,0
600410_352,0
600410_353,0
600410_354,0
600410_355,0
600410_356,0
600410_357,0
600410_358,0
600410_359,0
600410_360,0
600410_361,0
600410_362,0
600410_363,0
600410_364,0
600410_365,0
600410_366,0
600410_367,0
600410_368,0
600410_369,0
600410_370,0
600410_371,0
600410_372,0
600410_373,0
600410_374,0
600410_375,0
600410_376,0
600410_377,0
600410_378,0
600410_379,0
600410_380,0
600410_381,0
600410_382,0
600410_383,0
600410_384,0
600410_385,0
600410_386,0
600410_387,0
600410_388,0
600410_389,0
600410_390,0
600410_391,0
600410_392,0
600410_393,0
600410_394,0
600410_395,0
600410_396,0
600410_397,0
600410_398,0
600410_399,0
600410_400,0
600410_401,1
600410_402,1
600410_403,1
600410_404,1
600410_405,1
600410_406,1
600410_407,1
600410_408,1
600410_409,0
600410_410,0
600410_411,0
600410_412,0
600410_413,1
600410_414,1
600410_415,1
600410_416,1
600410_417,1
600410_418,1
600410_419,1
900939_20,1
900939_21,1
900939_22,0
900939_23,0
900939_24,0
900939_25,0
900939_26,0
900939_27,0
900939_28,0
900939_29,0
900939_30,0
900939_31,0
900939_32,0
900939_33,0
900939_34,0
900939_35,0
900939_36,0
900939_37,0
900939_38,0
900939_39,0
900939_40,0
900939_41,1
900939_42,1
900939_43,1
900939_44,1
900939_45,1
900939_46,1
900939_47,1
900939_48,1
900939_49,1
900939_50,1
900939_51,1
900939_52,0
900939_53,0
900939_54,0
900939_55,0
900939_56,1
900939_57,1
900939_58,0
900939_59,1
900939_60,1
900939_61,1
900939_62,1
900939_63,1
900939_64,1
900939_65,1
900939_66,1
900939_67,1
900939_68,1
900939_69,1
900939_70,1
900939_71,1
900939_72,1
900939_73,1
900939_74,1
900939_75,1
900939_76,1
900939_77,1
900939_78,1
900939_79,1
900939_80,1
900939_81,1
900939_82,1
900939_83,1
900939_84,1
900939_85,1
900939_86,1
900939_87,1
900939_88,1
900939_89,1
900939_90,1
900939_91,1
900939_92,1
900939_93,1
900939_94,1
900939_95,1
900939_96,1
900939_97,1
900939_98,1
900939_99,1
900939_100,1
900939_101,1
900939_102,1
900939_103,1
900939_104,0
900939_105,1
900939_106,0
900939_107,0
900939_108,0
900939_109,0
900939_110,0
900939_111,0
900939_112,0
900939_113,0
900939_114,0
900939_115,0
900939_116,0
900939_117,0
900939_118,0
900939_119,0
900939_120,0
900939_121,0
900939_122,1
900939_123,0
900939_124,1
900939_125,1
900939_126,1
900939_127,1
900939_128,1
900939_129,1
900939_130,1
900939_131,0
900939_132,0
900939_133,1
900939_134,0
900939_135,0
900939_136,0
900939_137,0
900939_138,0
900939_139,0
900939_140,0
900939_141,0
900939_142,0
900939_143,0
900939_144,0
900939_145,0
900939_146,0
900939_147,0
900939_148,0
900939_149,0
900939_150,0
900939_151,0
900939_152,0
900939_153,0
900939_154,0
900939_155,0
900939_156,0
900939_157,1
900939_158,1
900939_159,1
900939_160,1
900939_161,1
900939_162,1
900939_163,1
900939_164,1
900939_165,1
900939_166,1
900939_167,1
900939_168,1
900939_169,1
900939_170,1
900939_171,1
900939_172,0
900939_173,0
900939_174,0
900939_175,0
900939_176,0
900939_177,0
900939_178,0
900939_179,0
900939_180,0
900939_181,0
900939_182,0
900939_183,0
900939_184,0
900939_185,0
900939_186,0
900939_187,0
900939_188,0
900939_189,0
900939_190,0
900939_191,0
900939_192,0
900939_193,0
900939_194,0
900939_195,0
900939_196,0
900939_197,0
900939_198,0
900939_199,0
900939_200,0
900939_201,0
900939_202,0
900939_203,0
900939_204,0
900939_205,1
900939_206,0
900939_207,0
900939_208,0
900939_209,1
900939_210,0
900939_211,1
900939_212,0
900939_213,1
900939_214,0
900939_215,0
900939_216,0
900939_217,0
900939_218,0
900939_219,0
900939_220,0
900939_221,0
900939_222,0
900939_223,0
900939_224,0
900939_225,1
900939_226,1
900939_227,1
900939_228,1
900939_229,1
900939_230,1
900939_231,1
900939_232,1
900939_233,1
900939_234,1
900939_235,1
900939_236,1
900939_237,1
900939_238,1
900939_239,1
900939_240,1
900939_241,1
900939_242,1
900939_243,1
900939_244,1
900939_245,0
900939_246,0
900939_247,0
900939_248,0
900939_249,0
900939_250,0
900939_251,0
900939_252,0
900939_253,0
900939_254,0
900939_255,0
900939_256,0
900939_257,0
900939_258,0
900939_259,0
900939_260,0
900939_261,0
900939_262,0
900939_263,1
900939_264,1
900939_265,0
900939_266,1
900939_267,1
900939_268,1
900939_269,1
900939_270,1
900939_271,1
900939_272,1
900939_273,1
900939_274,1
900939_275,1
900939_276,1
900939_277,1
900939_278,1
900939_279,1
900939_280,1
900939_281,1
900939_282,0
900939_283,0
900939_284,0
900939_285,0
900939_286,1
900939_287,1
900939_288,1
900939_289,1
900939_290,1
900939_291,1
900939_292,1
900939_293,1
900939_294,1
900939_295,1
900939_296,1
900939_297,1
900939_298,1
900939_299,1
900939_300,1
900939_301,1
900939_302,1
900939_303,1
900939_304,1
900939_305,1
900939_306,1
900939_307,1
900939_308,1
900939_309,1
900939_310,1
900939_311,1
900939_312,1
900939_313,1
900939_314,1
900939_315,1
900939_316,1
900939_317,1
900939_318,1
900939_319,1
900939_320,1
900939_321,1
900939_322,1
900939_323,1
900939_324,1
900939_325,1
900939_326,1
900939_327,1
900939_328,0
900939_329,0
900939_330,0
900939_331,0
900939_332,0
900939_333,0
900939_334,0
900939_335,0
900939_336,0
900939_337,0
900939_338,1
900939_339,0
900939_340,0
900939_341,0
900939_342,0
900939_343,0
900939_344,0
900939_345,0
900939_346,0
900939_347,0
900939_348,0
900939_349,0
900939_350,0
900939_351,0
900939_352,0
900939_353,0
900939_354,0
900939_355,0
900939_356,0
900939_357,0
900939_358,0
900939_359,0
900939_360,0
900939_361,1
900939_362,0
900939_363,0
900939_364,0
900939_365,0
900939_366,0
900939_367,0
900939_368,0
900939_369,1
900939_370,1
900939_371,1
900939_372,1
900939_373,1
900939_374,1
900939_375,1
900939_376,1
900939_377,1
900939_378,1
900939_379,1
900939_380,1
900939_381,1
900939_382,1
900939_383,0
900939_384,0
900939_385,0
900939_386,0
900939_387,0
900939_388,0
900939_389,0
900939_390,0
900939_391,0
900939_392,0
900939_393,0
900939_394,0
900939_395,0
900939_396,0
900939_397,0
900939_398,0
900939_399,0
900939_400,0
900939_401,0
900939_402,0
900939_403,0
900939_404,0
900939_405,0
900939_406,0
900939_407,0
900939_408,0
900939_409,0
900939_410,0
900939_411,0
900939_412,0
900939_413,0
900939_414,0
900939_415,0
900939_416,0
900939_417,0
900939_418,1
900939_419,0
002553_20,1
002553_21,1
002553_22,1
002553_23,1
002553_24,1
002553_25,1
002553_26,1
002553_27,0
002553_28,0
002553_29,0
002553_30,0
002553_31,0
002553_32,0
002553_33,0
002553_34,0
002553_35,0
002553_36,0
002553_37,0
002553_38,0
002553_39,0
002553_40,0
002553_41,0
002553_42,0
002553_43,0
002553_44,0
002553_45,0
002553_46,0
002553_47,0
002553_48,0
002553_49,0
002553_50,1
002553_51,0
002553_52,0
002553_53,0
002553_54,0
002553_55,1
002553_56,1
002553_57,1
002553_58,1
002553_59,1
002553_60,1
002553_61,1
002553_62,1
002553_63,1
002553_64,1
002553_65,1
002553_66,1
002553_67,1
002553_68,1
002553_69,1
002553_70,1
002553_71,0
002553_72,0
002553_73,0
002553_74,0
002553_75,0
002553_76,0
002553_77,0
002553_78,1
002553_79,0
002553_80,1
002553_81,0
002553_82,0
002553_83,0
002553_84,1
002553_85,1
002553_86,1
002553_87,1
002553_88,1
002553_89,1
002553_90,1
002553_91,1
002553_92,1
002553_93,1
002553_94,1
002553_95,1
002553_96,1
002553_97,1
002553_98,1
002553_99,1
002553_100,1
002553_101,1
002553_102,1
002553_103,1
002553_104,1
002553_105,1
002553_106,1
002553_107,1
002553_108,1
002553_109,1
002553_110,1
002553_111,1
002553_112,1
002553_113,1
002553_114,1
002553_115,1
002553_116,1
002553_117,1
002553_118,1
002553_119,1
002553_120,1
002553_121,1
002553_122,1
002553_123,1
002553_124,1
002553_125,1
002553_126,1
002553_127,1
002553_128,1
002553_129,1
002553_130,1
002553_131,0
002553_132,0
002553_133,0
002553_134,0
002553_135,0
002553_136,0
002553_137,1
002553_138,1
002553_139,0
002553_140,1
002553_141,1
002553_142,1
002553_143,1
002553_144,1
002553_145,0
002553_146,0
002553_147,0
002553_148,0
002553_149,0
002553_150,0
002553_151,1
002553_152,1
002553_153,1
002553_154,1
002553_155,1
002553_156,1
002553_157,1
002553_158,1
002553_159,1
002553_160,1
002553_161,1
002553_162,1
002553_163,1
002553_164,1
002553_165,1
002553_166,1
002553_167,1
002553_168,1
002553_169,1
002553_170,1
002553_171,1
002553_172,0
002553_173,0
002553_174,0
002553_175,0
002553_176,0
002553_177,0
002553_178,0
002553_179,0
002553_180,0
002553_181,0
002553_182,0
002553_183,0
002553_184,0
002553_185,0
002553_186,0
002553_187,0
002553_188,0
002553_189,0
002553_190,0
002553_191,0
002553_192,0
002553_193,0
002553_194,0
002553_195,0
002553_196,0
002553_197,0
002553_198,0
002553_199,0
002553_200,0
002553_201,0
002553_202,0
002553_203,0
002553_204,0
002553_205,0
002553_206,0
002553_207,0
002553_208,0
002553_209,0
002553_210,0
002553_211,0
002553_212,1
002553_213,1
002553_214,1
002553_215,0
002553_216,0
002553_217,0
002553_218,0
002553_219,0
002553_220,0
002553_221,0
002553_222,0
002553_223,0
002553_224,0
002553_225,1
002553_226,1
002553_227,1
002553_228,1
002553_229,1
002553_230,1
002553_231,1
002553_232,1
002553_233,1
002553_234,1
002553_235,1
002553_236,1
002553_237,1
002553_238,1
002553_239,1
002553_240,1
002553_241,1
002553_242,1
002553_243,1
002553_244,1
002553_245,0
002553_246,0
002553_247,0
002553_248,0
002553_249,0
002553_250,0
002553_251,0
002553_252,0
002553_253,0
002553_254,0
002553_255,0
002553_256,0
002553_257,0
002553_258,0
002553_259,0
002553_260,0
002553_261,0
002553_262,1
002553_263,0
002553_264,0
002553_265,0
002553_266,0
002553_267,0
002553_268,0
002553_269,0
002553_270,0
002553_271,0
002553_272,1
002553_273,1
002553_274,0
002553_275,0
002553_276,0
002553_277,0
002553_278,0
002553_279,0
002553_280,0
002553_281,0
002553_282,0
002553_283,0
002553_284,0
002553_285,0
002553_286,0
002553_287,0
002553_288,0
002553_289,0
002553_290,0
002553_291,0
002553_292,0
002553_293,0
002553_294,0
002553_295,1
002553_296,1
002553_297,1
002553_298,1
002553_299,1
002553_300,1
002553_301,1
002553_302,1
002553_303,1
002553_304,1
002553_305,0
002553_306,1
002553_307,1
002553_308,1
002553_309,0
002553_310,0
002553_311,0
002553_312,0
002553_313,0
002553_314,0
002553_315,0
002553_316,0
002553_317,0
002553_318,0
002553_319,0
002553_320,0
002553_321,0
002553_322,0
002553_323,0
002553_324,0
002553_325,0
002553_326,0
002553_327,0
002553_328,0
002553_329,0
002553_330,0
002553_331,0
002553_332,1
002553_333,1
002553_334,1
002553_335,1
002553_336,1
002553_337,1
002553_338,1
002553_339,1
002553_340,0
002553_341,1
002553_342,1
002553_343,1
002553_344,1
002553_345,1
002553_346,1
002553_347,1
002553_348,1
002553_349,1
002553_350,1
002553_351,1
002553_352,1
002553_353,1
002553_354,0
002553_355,0
002553_356,1
002553_357,1
002553_358,1
002553_359,1
002553_360,0
002553_361,0
002553_362,0
002553_363,0
002553_364,0
002553_365,0
002553_366,0
002553_367,0
002553_368,0
002553_369,0
002553_370,0
002553_371,0
002553_372,0
002553_373,0
002553_374,0
002553_375,0
002553_376,0
002553_377,1
002553_378,0
002553_379,0
002553_380,0
002553_381,0
002553_382,0
002553_383,0
002553_384,0
002553_385,0
002553_386,0
002553_387,0
002553_388,0
002553_389,0
002553_390,0
002553_391,0
002553_392,0
002553_393,0
002553_394,0
002553_395,0
002553_396,0
002553_397,0
002553_398,0
002553_399,0
002553_400,0
002553_401,1
002553_402,1
002553_403,0
002553_404,1
002553_405,1
002553_406,1
002553_407,1
002553_408,1
002553_409,0
002553_410,0
002553_411,1
002553_412,1
002553_413,1
002553_414,1
002553_415,1
002553_416,1
002553_417,1
002553_418,1
002553_419,1
920002_20,1
920002_21,1
920002_22,1
920002_23,1
920002_24,1
920002_25,1
920002_26,1
920002_27,0
920002_28,0
920002_29,0
920002_30,1
920002_31,1
920002_32,1
920002_33,1
920002_34,1
920002_35,1
920002_36,1
920002_37,1
920002_38,0
920002_39,1
920002_40,1
920002_41,1
920002_42,1
920002_43,1
920002_44,1
920002_45,1
920002_46,1
920002_47,1
920002_48,1
920002_49,1
920002_50,0
920002_51,0
920002_52,0
920002_53,0
920002_54,1
920002_55,1
920002_56,1
920002_57,1
920002_58,1
920002_59,1
920002_60,1
920002_61,1
920002_62,1
920002_63,1
920002_64,1
920002_65,1
920002_66,1
920002_67,1
920002_68,1
920002_69,1
920002_70,1
920002_71,1
920002_72,1
920002_73,1
920002_74,1
920002_75,1
920002_76,1
920002_77,0
920002_78,0
920002_79,0
920002_80,0
920002_81,0
920002_82,0
920002_83,0
920002_84,0
920002_85,0
920002_86,0
920002_87,0
920002_88,0
920002_89,0
920002_90,0
920002_91,0
920002_92,0
920002_93,0
920002_94,0
920002_95,0
920002_96,0
920002_97,0
920002_98,0
920002_99,0
920002_100,0
920002_101,0
920002_102,0
920002_103,0
920002_104,0
920002_105,0
920002_106,0
920002_107,0
920002_108,0
920002_109,0
920002_110,0
920002_111,0
920002_112,0
920002_113,0
920002_114,0
920002_115,1
920002_116,1
920002_117,1
920002_118,0
920002_119,0
920002_120,0
920002_121,0
920002_122,0
920002_123,0
920002_124,0
920002_125,0
920002_126,0
920002_127,1
920002_128,1
920002_129,1
920002_130,1
920002_131,1
920002_132,1
920002_133,1
920002_134,1
920002_135,1
920002_136,1
920002_137,1
920002_138,1
920002_139,1
920002_140,1
920002_141,1
920002_142,1
920002_143,1
920002_144,1
920002_145,1
920002_146,1
920002_147,1
920002_148,1
920002_149,0
920002_150,0
920002_151,0
920002_152,0
920002_153,0
920002_154,0
920002_155,0
920002_156,0
920002_157,0
920002_158,0
920002_159,0
920002_160,0
920002_161,0
920002_162,0
920002_163,0
920002_164,0
920002_165,0
920002_166,0
920002_167,0
920002_168,0
920002_169,0
920002_170,0
920002_171,0
920002_172,0
920002_173,0
920002_174,0
920002_175,0
920002_176,0
920002_177,0
920002_178,0
920002_179,0
920002_180,0
920002_181,0
920002_182,0
920002_183,0
920002_184,0
920002_185,0
920002_186,0
920002_187,0
920002_188,0
920002_189,0
920002_190,0
920002_191,1
920002_192,1
920002_193,1
920002_194,1
920002_195,1
920002_196,1
920002_197,1
920002_198,1
920002_199,1
920002_200,1
920002_201,1
920002_202,1
920002_203,1
920002_204,0
920002_205,0
920002_206,0
920002_207,0
920002_208,0
920002_209,0
920002_210,0
920002_211,0
920002_212,0
920002_213,0
920002_214,0
920002_215,0
920002_216,0
920002_217,0
920002_218,0
920002_219,0
920002_220,0
920002_221,0
920002_222,0
920002_223,0
920002_224,1
920002_225,1
920002_226,1
920002_227,1
920002_228,1
920002_229,1
920002_230,1
920002_231,1
920002_232,1
920002_233,1
920002_234,1
920002_235,1
920002_236,1
920002_237,1
920002_238,1
920002_239,1
920002_240,1
920002_241,1
920002_242,1
920002_243,0
920002_244,0
920002_245,0
920002_246,0
920002_247,1
920002_248,1
920002_249,1
920002_250,1
920002_251,1
920002_252,1
920002_253,1
920002_254,1
920002_255,1
920002_256,1
920002_257,1
920002_258,1
920002_259,1
920002_260,1
920002_261,1
920002_262,1
920002_263,1
920002_264,1
920002_265,1
920002_266,1
920002_267,0
920002_268,0
920002_269,0
920002_270,0
920002_271,0
920002_272,0
920002_273,0
920002_274,0
920002_275,0
920002_276,0
920002_277,0
920002_278,0
920002_279,1
920002_280,1
920002_281,1
920002_282,0
920002_283,1
920002_284,0
920002_285,1
920002_286,1
920002_287,1
920002_288,1
920002_289,1
920002_290,1
920002_291,1
920002_292,0
920002_293,0
920002_294,0
920002_295,0
920002_296,0
920002_297,0
920002_298,0
920002_299,1
920002_300,1
920002_301,1
920002_302,1
920002_303,1
920002_304,1
920002_305,1
920002_306,1
920002_307,0
920002_308,1
920002_309,1
920002_310,1
920002_311,1
920002_312,1
920002_313,1
920002_314,1
920002_315,1
920002_316,1
920002_317,1
920002_318,1
920002_319,1
920002_320,1
920002_321,1
920002_322,1
920002_323,1
002298_20,1
002298_21,1
002298_22,1
002298_23,1
002298_24,1
002298_25,1
002298_26,0
002298_27,0
002298_28,0
002298_29,0
002298_30,1
002298_31,0
002298_32,0
002298_33,0
002298_34,0
002298_35,0
002298_36,0
002298_37,0
002298_38,0
002298_39,0
002298_40,0
002298_41,0
002298_42,0
002298_43,0
002298_44,0
002298_45,0
002298_46,0
002298_47,0
002298_48,0
002298_49,0
002298_50,1
002298_51,1
002298_52,1
002298_53,0
002298_54,1
002298_55,1
002298_56,1
002298_57,1
002298_58,1
002298_59,1
002298_60,1
002298_61,1
002298_62,1
002298_63,1
002298_64,1
002298_65,1
002298_66,1
002298_67,1
002298_68,1
002298_69,1
002298_70,0
002298_71,0
002298_72,0
002298_73,0
002298_74,0
002298_75,0
002298_76,0
002298_77,0
002298_78,0
002298_79,0
002298_80,0
002298_81,0
002298_82,0
002298_83,0
002298_84,0
002298_85,0
002298_86,1
002298_87,1
002298_88,1
002298_89,1
002298_90,0
002298_91,1
002298_92,1
002298_93,1
002298_94,1
002298_95,1
002298_96,1
002298_97,1
002298_98,1
002298_99,1
002298_100,1
002298_101,1
002298_102,1
002298_103,1
002298_104,1
002298_105,1
002298_106,1
002298_107,1
002298_108,1
002298_109,1
002298_110,1
002298_111,1
002298_112,1
002298_113,0
002298_114,0
002298_115,1
002298_116,1
002298_117,1
002298_118,1
002298_119,1
002298_120,1
002298_121,1
002298_122,1
002298_123,1
002298_124,1
002298_125,1
002298_126,1
002298_127,1
002298_128,1
002298_129,1
002298_130,1
002298_131,1
002298_132,1
002298_133,1
002298_134,0
002298_135,0
002298_136,0
002298_137,1
002298_138,0
002298_139,0
002298_140,0
002298_141,1
002298_142,1
002298_143,1
002298_144,1
002298_145,1
002298_146,0
002298_147,0
002298_148,1
002298_149,1
002298_150,1
002298_151,1
002298_152,1
002298_153,1
002298_154,1
002298_155,1
002298_156,0
002298_157,1
002298_158,1
002298_159,1
002298_160,0
002298_161,1
002298_162,1
002298_163,0
002298_164,1
002298_165,0
002298_166,1
002298_167,1
002298_168,0
002298_169,0
002298_170,0
002298_171,0
002298_172,0
002298_173,0
002298_174,0
002298_175,0
002298_176,0
002298_177,0
002298_178,0
002298_179,0
002298_180,0
002298_181,0
002298_182,0
002298_183,0
002298_184,0
002298_185,0
002298_186,0
002298_187,0
002298_188,0
002298_189,0
002298_190,0
002298_191,0
002298_192,0
002298_193,0
002298_194,0
002298_195,0
002298_196,0
002298_197,0
002298_198,0
002298_199,0
002298_200,0
002298_201,0
002298_202,0
002298_203,0
002298_204,0
002298_205,1
002298_206,0
002298_207,0
002298_208,0
002298_209,1
002298_210,1
002298_211,0
002298_212,0
002298_213,0
002298_214,0
002298_215,0
002298_216,0
002298_217,0
002298_218,0
002298_219,0
002298_220,0
002298_221,0
002298_222,0
002298_223,0
002298_224,0
002298_225,0
002298_226,0
002298_227,0
002298_228,0
002298_229,0
002298_230,1
002298_231,1
002298_232,1
002298_233,1
002298_234,1
002298_235,1
002298_236,1
002298_237,1
002298_238,1
002298_239,1
002298_240,1
002298_241,1
002298_242,1
002298_243,1
002298_244,1
002298_245,1
002298_246,1
002298_247,1
002298_248,1
002298_249,1
002298_250,1
002298_251,1
002298_252,1
002298_253,1
002298_254,1
002298_255,0
002298_256,0
002298_257,0
002298_258,0
002298_259,0
002298_260,0
002298_261,0
002298_262,0
002298_263,0
002298_264,0
002298_265,0
002298_266,0
002298_267,0
002298_268,0
002298_269,0
002298_270,0
002298_271,0
002298_272,0
002298_273,0
002298_274,0
002298_275,0
002298_276,0
002298_277,0
002298_278,0
002298_279,1
002298_280,0
002298_281,1
002298_282,1
002298_283,1
002298_284,1
002298_285,1
002298_286,1
002298_287,1
002298_288,1
002298_289,1
002298_290,1
002298_291,1
002298_292,1
002298_293,1
002298_294,1
002298_295,1
002298_296,1
002298_297,1
002298_298,1
002298_299,1
002298_300,1
002298_301,1
002298_302,1
002298_303,1
002298_304,1
002298_305,1
002298_306,1
002298_307,1
002298_308,1
002298_309,1
002298_310,1
002298_311,0
002298_312,0
002298_313,0
002298_314,0
002298_315,0
002298_316,0
002298_317,0
002298_318,0
002298_319,0
002298_320,0
002298_321,0
002298_322,0
002298_323,0
002298_324,0
002298_325,0
002298_326,0
002298_327,0
002298_328,0
002298_329,0
002298_330,0
002298_331,0
002298_332,0
002298_333,0
002298_334,0
002298_335,0
002298_336,0
002298_337,0
002298_338,0
002298_339,0
002298_340,0
002298_341,0
002298_342,0
002298_343,0
002298_344,1
002298_345,1
002298_346,1
002298_347,1
002298_348,1
002298_349,1
002298_350,1
002298_351,0
002298_352,1
002298_353,1
002298_354,1
002298_355,1
002298_356,1
002298_357,1
002298_358,0
002298_359,0
002298_360,0
002298_361,0
002298_362,0
002298_363,0
002298_364,0
002298_365,0
002298_366,0
002298_367,0
002298_368,0
002298_369,0
002298_370,1
002298_371,0
002298_372,0
002298_373,0
002298_374,0
002298_375,0
002298_376,0
002298_377,0
002298_378,0
002298_379,0
002298_380,0
002298_381,0
002298_382,0
002298_383,0
002298_384,0
002298_385,0
002298_386,0
002298_387,0
002298_388,0
002298_389,0
002298_390,0
002298_391,0
002298_392,0
002298_393,0
002298_394,0
002298_395,0
002298_396,0
002298_397,0
002298_398,0
002298_399,0
002298_400,1
002298_401,1
002298_402,1
002298_403,1
002298_404,1
002298_405,1
002298_406,1
002298_407,1
002298_408,1
002298_409,1
002298_410,1
002298_411,1
002298_412,1
002298_413,0
002298_414,0
002298_415,0
002298_416,0
002298_417,0
002298_418,0
002298_419,0
920662_20,1
920662_21,1
920662_22,1
920662_23,1
920662_24,1
920662_25,1
920662_26,0
920662_27,1
920662_28,1
920662_29,0
920662_30,0
920662_31,0
920662_32,0
920662_33,0
920662_34,0
920662_35,0
920662_36,0
920662_37,0
920662_38,0
920662_39,1
920662_40,1
920662_41,1
920662_42,0
920662_43,0
920662_44,0
920662_45,0
920662_46,0
920662_47,0
920662_48,0
920662_49,0
920662_50,1
920662_51,1
920662_52,1
920662_53,1
920662_54,1
920662_55,1
920662_56,1
920662_57,1
920662_58,1
920662_59,1
920662_60,1
920662_61,1
920662_62,1
920662_63,1
920662_64,1
920662_65,1
920662_66,1
920662_67,1
920662_68,1
920662_69,1
920662_70,0
920662_71,1
920662_72,1
920662_73,1
920662_74,1
920662_75,1
920662_76,1
920662_77,1
920662_78,1
920662_79,1
920662_80,1
920662_81,1
920662_82,1
920662_83,1
920662_84,1
920662_85,1
920662_86,1
920662_87,1
920662_88,1
920662_89,1
920662_90,1
920662_91,1
920662_92,1
920662_93,1
920662_94,1
920662_95,1
920662_96,1
920662_97,1
920662_98,1
920662_99,1
920662_100,1
920662_101,1
920662_102,1
920662_103,1
920662_104,1
920662_105,1
920662_106,1
920662_107,1
920662_108,1
920662_109,0
920662_110,0
920662_111,0
920662_112,0
920662_113,1
920662_114,1
920662_115,1
920662_116,1
920662_117,1
920662_118,1
920662_119,1
920662_120,1
920662_121,1
920662_122,1
920662_123,1
920662_124,0
920662_125,0
920662_126,0
920662_127,0
920662_128,1
920662_129,0
920662_130,0
920662_131,0
920662_132,0
920662_133,0
920662_134,0
920662_135,0
920662_136,1
920662_137,1
920662_138,1
920662_139,1
920662_140,1
920662_141,1
920662_142,1
920662_143,1
920662_144,1
920662_145,1
920662_146,1
920662_147,1
920662_148,1
920662_149,1
920662_150,1
920662_151,1
920662_152,1
920662_153,1
920662_154,1
920662_155,1
920662_156,1
920662_157,1
920662_158,1
920662_159,1
920662_160,1
920662_161,1
920662_162,1
920662_163,1
920662_164,1
920662_165,1
920662_166,1
920662_167,1
920662_168,1
920662_169,1
920662_170,1
920662_171,0
920662_172,0
920662_173,0
920662_174,0
920662_175,0
920662_176,0
920662_177,0
920662_178,0
920662_179,0
920662_180,0
920662_181,0
920662_182,0
920662_183,0
920662_184,0
920662_185,0
920662_186,0
920662_187,0
920662_188,0
920662_189,0
920662_190,0
920662_191,0
920662_192,0
920662_193,0
920662_194,0
920662_195,0
920662_196,0
920662_197,0
920662_198,0
920662_199,0
920662_200,0
920662_201,0
920662_202,0
920662_203,0
920662_204,0
920662_205,0
920662_206,0
920662_207,0
920662_208,0
920662_209,0
920662_210,0
920662_211,0
920662_212,0
920662_213,0
920662_214,0
920662_215,0
920662_216,0
920662_217,0
920662_218,0
920662_219,0
920662_220,1
920662_221,1
920662_222,1
920662_223,1
920662_224,1
920662_225,1
920662_226,1
920662_227,1
920662_228,1
920662_229,1
920662_230,1
920662_231,1
920662_232,0
920662_233,0
920662_234,0
920662_235,1
920662_236,1
920662_237,1
920662_238,1
920662_239,1
920662_240,1
920662_241,0
920662_242,0
920662_243,1
920662_244,1
920662_245,1
920662_246,1
920662_247,0
920662_248,1
920662_249,1
920662_250,1
920662_251,0
920662_252,0
920662_253,0
920662_254,0
920662_255,1
920662_256,0
920662_257,0
920662_258,0
920662_259,0
920662_260,0
920662_261,0
920662_262,0
920662_263,0
920662_264,0
920662_265,0
920662_266,0
920662_267,0
920662_268,0
920662_269,0
920662_270,0
920662_271,0
920662_272,0
920662_273,0
920662_274,0
920662_275,0
920662_276,0
920662_277,0
920662_278,0
920662_279,0
920662_280,0
920662_281,0
920662_282,0
920662_283,0
920662_284,0
920662_285,1
920662_286,1
920662_287,1
920662_288,1
920662_289,1
920662_290,1
920662_291,1
920662_292,1
920662_293,1
920662_294,1
920662_295,1
920662_296,1
920662_297,1
920662_298,1
920662_299,1
920662_300,1
920662_301,1
920662_302,1
920662_303,1
920662_304,1
920662_305,1
920662_306,0
920662_307,0
920662_308,0
920662_309,0
920662_310,1
920662_311,1
920662_312,1
920662_313,1
920662_314,0
920662_315,0
920662_316,0
920662_317,0
920662_318,0
920662_319,0
920662_320,0
920662_321,0
920662_322,0
920662_323,0
920662_324,0
920662_325,0
920662_326,0
920662_327,0
920662_328,1
920662_329,0
920662_330,1
920662_331,1
920662_332,0
920662_333,1
920662_334,1
920662_335,0
920662_336,0
920662_337,0
920662_338,0
920662_339,0
920662_340,0
920662_341,0
920662_342,1
920662_343,1
920662_344,1
920662_345,1
920662_346,1
920662_347,1
920662_348,1
920662_349,1
920662_350,0
920662_351,1
920662_352,0
920662_353,0
920662_354,1
920662_355,1
920662_356,0
920662_357,1
920662_358,1
920662_359,0
920662_360,1
920662_361,0
920662_362,0
920662_363,0
920662_364,0
920662_365,0
920662_366,0
920662_367,0
920662_368,0
920662_369,0
920662_370,0
920662_371,0
920662_372,0
920662_373,0
920662_374,0
920662_375,0
920662_376,0
920662_377,0
920662_378,0
920662_379,0
920662_380,0
920662_381,0
920662_382,0
920662_383,0
920662_384,0
920662_385,0
920662_386,0
920662_387,0
920662_388,0
920662_389,0
920662_390,0
920662_391,0
920662_392,0
920662_393,0
920662_394,0
920662_395,0
920662_396,0
920662_397,1
920662_398,1
920662_399,1
920662_400,1
920662_401,1
920662_402,1
920662_403,1
920662_404,1
920662_405,1
920662_406,1
920662_407,1
920662_408,1
920662_409,1
920662_410,1
920662_411,0
920662_412,1
920662_413,1
920662_414,1
920662_415,1
920662_416,1
920662_417,1
920662_418,1
920662_419,1
002365_20,1
002365_21,1
002365_22,1
002365_23,1
002365_24,1
002365_25,1
002365_26,1
002365_27,1
002365_28,1
002365_29,0
002365_30,1
002365_31,1
002365_32,0
002365_33,0
002365_34,0
002365_35,0
002365_36,0
002365_37,0
002365_38,0
002365_39,0
002365_40,0
002365_41,0
002365_42,0
002365_43,0
002365_44,0
002365_45,0
002365_46,0
002365_47,0
002365_48,0
002365_49,0
002365_50,0
002365_51,0
002365_52,0
002365_53,0
002365_54,0
002365_55,0
002365_56,0
002365_57,0
002365_58,0
002365_59,0
002365_60,0
002365_61,1
002365_62,1
002365_63,1
002365_64,1
002365_65,1
002365_66,1
002365_67,1
002365_68,1
002365_69,0
002365_70,0
002365_71,0
002365_72,0
002365_73,0
002365_74,0
002365_75,0
002365_76,0
002365_77,0
002365_78,0
002365_79,0
002365_80,0
002365_81,0
002365_82,0
002365_83,0
002365_84,0
002365_85,0
002365_86,1
002365_87,1
002365_88,1
002365_89,1
002365_90,1
002365_91,1
002365_92,1
002365_93,1
002365_94,1
002365_95,1
002365_96,1
002365_97,1
002365_98,1
002365_99,1
002365_100,1
002365_101,1
002365_102,1
002365_103,1
002365_104,1
002365_105,1
002365_106,1
002365_107,1
002365_108,1
002365_109,1
002365_110,1
002365_111,1
002365_112,0
002365_113,0
002365_114,0
002365_115,1
002365_116,0
002365_117,1
002365_118,1
002365_119,1
002365_120,0
002365_121,0
002365_122,1
002365_123,1
002365_124,1
002365_125,1
002365_126,1
002365_127,1
002365_128,1
002365_129,1
002365_130,1
002365_131,1
002365_132,1
002365_133,1
002365_134,0
002365_135,0
002365_136,0
002365_137,0
002365_138,0
002365_139,0
002365_140,0
002365_141,0
002365_142,0
002365_143,0
002365_144,0
002365_145,0
002365_146,0
002365_147,1
002365_148,1
002365_149,1
002365_150,1
002365_151,1
002365_152,1
002365_153,0
002365_154,1
002365_155,1
002365_156,1
002365_157,1
002365_158,1
002365_159,1
002365_160,1
002365_161,1
002365_162,1
002365_163,1
002365_164,1
002365_165,1
002365_166,1
002365_167,1
002365_168,1
002365_169,1
002365_170,1
002365_171,0
002365_172,0
002365_173,0
002365_174,0
002365_175,0
002365_176,0
002365_177,0
002365_178,0
002365_179,0
002365_180,0
002365_181,0
002365_182,0
002365_183,0
002365_184,0
002365_185,0
002365_186,0
002365_187,0
002365_188,0
002365_189,0
002365_190,0
002365_191,0
002365_192,0
002365_193,0
002365_194,1
002365_195,0
002365_196,0
002365_197,0
002365_198,0
002365_199,0
002365_200,0
002365_201,0
002365_202,0
002365_203,0
002365_204,1
002365_205,1
002365_206,1
002365_207,0
002365_208,0
002365_209,0
002365_210,0
002365_211,0
002365_212,0
002365_213,0
002365_214,0
002365_215,0
002365_216,0
002365_217,0
002365_218,0
002365_219,0
002365_220,0
002365_221,0
002365_222,0
002365_223,0
002365_224,0
002365_225,0
002365_226,1
002365_227,1
002365_228,1
002365_229,1
002365_230,1
002365_231,1
002365_232,1
002365_233,1
002365_234,1
002365_235,1
002365_236,1
002365_237,1
002365_238,1
002365_239,1
002365_240,1
002365_241,1
002365_242,1
002365_243,1
002365_244,1
002365_245,1
002365_246,1
002365_247,1
002365_248,0
002365_249,0
002365_250,0
002365_251,0
002365_252,0
002365_253,0
002365_254,0
002365_255,0
002365_256,0
002365_257,0
002365_258,0
002365_259,0
002365_260,0
002365_261,0
002365_262,0
002365_263,0
002365_264,0
002365_265,0
002365_266,0
002365_267,0
002365_268,0
002365_269,1
002365_270,0
002365_271,1
002365_272,1
002365_273,1
002365_274,0
002365_275,1
002365_276,1
002365_277,1
002365_278,1
002365_279,1
002365_280,1
002365_281,1
002365_282,0
002365_283,0
002365_284,0
002365_285,0
002365_286,0
002365_287,0
002365_288,1
002365_289,1
002365_290,0
002365_291,0
002365_292,0
002365_293,1
002365_294,0
002365_295,0
002365_296,0
002365_297,0
002365_298,0
002365_299,0
002365_300,0
002365_301,0
002365_302,0
002365_303,0
002365_304,0
002365_305,0
002365_306,1
002365_307,0
002365_308,0
002365_309,0
002365_310,0
002365_311,0
002365_312,0
002365_313,0
002365_314,0
002365_315,0
002365_316,0
002365_317,0
002365_318,1
002365_319,0
002365_320,0
002365_321,0
002365_322,0
002365_323,0
002365_324,0
002365_325,0
002365_326,0
002365_327,0
002365_328,0
002365_329,0
002365_330,0
002365_331,0
002365_332,0
002365_333,0
002365_334,0
002365_335,0
002365_336,0
002365_337,0
002365_338,0
002365_339,0
002365_340,0
002365_341,0
002365_342,0
002365_343,0
002365_344,0
002365_345,0
002365_346,0
002365_347,0
002365_348,0
002365_349,0
002365_350,0
002365_351,0
002365_352,0
002365_353,0
002365_354,0
002365_355,0
002365_356,0
002365_357,0
002365_358,0
002365_359,0
002365_360,0
002365_361,1
002365_362,1
002365_363,1
002365_364,1
002365_365,1
002365_366,1
002365_367,1
002365_368,1
002365_369,1
002365_370,1
002365_371,1
002365_372,1
002365_373,1
002365_374,1
002365_375,1
002365_376,1
002365_377,1
002365_378,1
002365_379,1
002365_380,1
002365_381,1
002365_382,1
002365_383,1
002365_384,1
002365_385,1
002365_386,0
002365_387,0
002365_388,0
002365_389,0
002365_390,1
002365_391,1
002365_392,1
002365_393,1
002365_394,1
002365_395,1
002365_396,1
002365_397,1
002365_398,1
002365_399,1
002365_400,1
002365_401,1
002365_402,1
002365_403,1
002365_404,1
002365_405,1
002365_406,1
002365_407,1
002365_408,1
002365_409,1
002365_410,1
002365_411,1
002365_412,1
002365_413,1
002365_414,1
002365_415,1
002365_416,1
002365_417,1
002365_418,1
002365_419,0
600610_20,1
600610_21,1
600610_22,1
600610_23,1
600610_24,1
600610_25,1
600610_26,1
600610_27,1
600610_28,0
600610_29,0
600610_30,1
600610_31,0
600610_32,0
600610_33,0
600610_34,0
600610_35,0
600610_36,0
600610_37,0
600610_38,0
600610_39,0
600610_40,0
600610_41,0
600610_42,0
600610_43,0
600610_44,0
600610_45,0
600610_46,0
600610_47,0
600610_48,1
600610_49,1
600610_50,1
600610_51,1
600610_52,1
600610_53,1
600610_54,0
600610_55,1
600610_56,1
600610_57,1
600610_58,1
600610_59,1
600610_60,1
600610_61,1
600610_62,1
600610_63,1
600610_64,1
600610_65,1
600610_66,1
600610_67,1
600610_68,1
600610_69,1
600610_70,1
600610_71,0
600610_72,0
600610_73,0
600610_74,0
600610_75,0
600610_76,0
600610_77,0
600610_78,0
600610_79,0
600610_80,0
600610_81,0
600610_82,0
600610_83,0
600610_84,1
600610_85,0
600610_86,1
600610_87,1
600610_88,1
600610_89,1
600610_90,1
600610_91,1
600610_92,1
600610_93,1
600610_94,1
600610_95,1
600610_96,1
600610_97,1
600610_98,1
600610_99,1
600610_100,1
600610_101,1
600610_102,1
600610_103,1
600610_104,1
600610_105,1
600610_106,1
600610_107,1
600610_108,1
600610_109,1
600610_110,1
600610_111,1
600610_112,1
600610_113,1
600610_114,1
600610_115,1
600610_116,1
600610_117,1
600610_118,1
600610_119,1
600610_120,1
600610_121,1
600610_122,1
600610_123,1
600610_124,1
600610_125,1
600610_126,1
600610_127,1
600610_128,1
600610_129,1
600610_130,1
600610_131,1
600610_132,1
600610_133,0
600610_134,0
600610_135,0
600610_136,0
600610_137,0
600610_138,0
600610_139,0
600610_140,0
600610_141,0
600610_142,1
600610_143,1
600610_144,1
600610_145,1
600610_146,1
600610_147,1
600610_148,1
600610_149,1
600610_150,1
600610_151,1
600610_152,1
600610_153,1
600610_154,1
600610_155,1
600610_156,1
600610_157,1
600610_158,1
600610_159,1
600610_160,1
600610_161,1
600610_162,1
600610_163,1
600610_164,1
600610_165,1
600610_166,1
600610_167,1
600610_168,1
600610_169,1
600610_170,0
600610_171,0
600610_172,0
600610_173,0
600610_174,0
600610_175,0
600610_176,0
600610_177,0
600610_178,0
600610_179,0
600610_180,0
600610_181,0
600610_182,0
600610_183,0
600610_184,0
600610_185,0
600610_186,0
600610_187,0
600610_188,0
600610_189,0
600610_190,0
600610_191,0
600610_192,0
600610_193,0
600610_194,0
600610_195,0
600610_196,0
600610_197,0
600610_198,0
600610_199,0
600610_200,0
600610_201,0
600610_202,0
600610_203,1
600610_204,1
600610_205,1
600610_206,1
600610_207,1
600610_208,1
600610_209,1
600610_210,1
600610_211,1
600610_212,1
600610_213,1
600610_214,1
600610_215,0
600610_216,0
600610_217,0
600610_218,0
600610_219,0
600610_220,0
600610_221,0
600610_222,0
600610_223,0
600610_224,0
600610_225,0
600610_226,1
600610_227,1
600610_228,1
600610_229,1
600610_230,1
600610_231,1
600610_232,1
600610_233,1
600610_234,1
600610_235,1
600610_236,1
600610_237,1
600610_238,1
600610_239,1
600610_240,1
600610_241,1
600610_242,1
600610_243,1
600610_244,1
600610_245,1
600610_246,1
600610_247,0
600610_248,0
600610_249,0
600610_250,0
600610_251,0
600610_252,1
600610_253,1
600610_254,1
600610_255,1
600610_256,1
600610_257,0
600610_258,0
600610_259,0
600610_260,0
600610_261,0
600610_262,1
600610_263,0
600610_264,1
600610_265,1
600610_266,1
600610_267,1
600610_268,1
600610_269,1
600610_270,0
600610_271,1
600610_272,1
600610_273,1
600610_274,1
600610_275,1
600610_276,1
600610_277,1
600610_278,0
600610_279,0
600610_280,0
600610_281,0
600610_282,0
600610_283,0
600610_284,0
600610_285,0
600610_286,0
600610_287,0
600610_288,0
600610_289,0
600610_290,0
600610_291,0
600610_292,0
600610_293,0
600610_294,0
600610_295,0
600610_296,0
600610_297,0
600610_298,1
600610_299,1
600610_300,0
600610_301,0
600610_302,0
600610_303,0
600610_304,0
600610_305,0
600610_306,0
600610_307,0
600610_308,0
600610_309,1
600610_310,1
600610_311,1
600610_312,0
600610_313,0
600610_314,0
600610_315,0
600610_316,0
600610_317,0
600610_318,0
600610_319,0
600610_320,0
600610_321,0
600610_322,0
600610_323,0
600610_324,0
600610_325,0
600610_326,0
600610_327,0
600610_328,0
600610_329,0
600610_330,0
600610_331,0
600610_332,0
600610_333,1
600610_334,0
600610_335,0
600610_336,0
600610_337,0
600610_338,0
600610_339,0
600610_340,0
600610_341,1
600610_342,1
600610_343,1
600610_344,1
600610_345,0
600610_346,0
600610_347,0
600610_348,0
600610_349,0
600610_350,0
600610_351,0
600610_352,0
600610_353,0
600610_354,0
600610_355,0
600610_356,1
600610_357,1
600610_358,1
600610_359,1
600610_360,0
600610_361,1
600610_362,1
600610_363,1
600610_364,1
600610_365,1
600610_366,1
600610_367,1
600610_368,1
600610_369,1
600610_370,1
600610_371,1
600610_372,1
600610_373,1
600610_374,1
600610_375,1
600610_376,1
600610_377,1
600610_378,1
600610_379,1
600610_380,1
600610_381,0
600610_382,0
600610_383,0
600610_384,1
600610_385,1
600610_386,1
600610_387,1
600610_388,1
600610_389,0
600610_390,0
600610_391,0
600610_392,0
600610_393,0
600610_394,0
600610_395,0
600610_396,1
600610_397,1
600610_398,1
600610_399,1
600610_400,1
600610_401,1
600610_402,1
600610_403,1
600610_404,1
600610_405,1
600610_406,1
600610_407,1
600610_408,1
600610_409,1
600610_410,1
600610_411,1
600610_412,1
600610_413,1
600610_414,1
600610_415,1
600610_416,1
600610_417,1
600610_418,1
600610_419,1
